{"cameraMode":{"drawMode":0,"name":"Shaded","section":"Shading Mode"},"sceneLighting":true,"audioPlay":false,"sceneViewState":{"showFog":true,"showMaterialUpdate":true,"showSkybox":true,"showFlares":true,"showImageEffects":true,"showParticleSystems":true},"in2DMode":false,"pivot":{"x":-1.537905216217041,"y":1.1504628658294678,"z":2.066002368927002},"rotation":{"x":-0.1699194759130478,"y":0.7177304625511169,"z":-0.18840602040290833,"w":-0.6485545039176941},"size":3.3866021633148195,"orthographic":false}